"Fecha";"SKU";"Precio";"Disponibilidad";"Imagenes";"Links";"Categoria";"peso_valor";"peso_unidad";"stock"
2025-05-17;"Añejo Medellin 500 Gr";1400;"Add to cart";"https://supermercadomasbarato.com/wp-content/uploads/2021/01/Anejo-Medellin-500-Gr-300x300.jpg";"https://supermercadomasbarato.com/producto/anejo-medellin-500-gr/";"Harinas y Mezclas Listas";500;"gr";38
2025-05-17;"Harina Americana 1000 Gr Bt 50";2000;"Add to cart";"https://supermercadomasbarato.com/wp-content/uploads/2021/01/Productos-Harina-La-Americana-1-kilo-1-300x300.jpg";"https://supermercadomasbarato.com/producto/harina-americana-1000-gr-bt-50/";"Harinas y Mezclas Listas";1000;"gr";142
2025-05-17;"Harina Americana 2500 Gr Pc 20";4900;"Add to cart";"https://supermercadomasbarato.com/wp-content/uploads/2021/01/LA-AMERICANA-2.5-300x300.jpg";"https://supermercadomasbarato.com/producto/harina-americana-2500-gr-pc-20/";"Harinas y Mezclas Listas";2500;"gr";55
2025-05-17;"Harina Americana 454 Gr Pc 25";1000;"Add to cart";"https://supermercadomasbarato.com/wp-content/uploads/2021/01/LA-AMERICANA-454-300x300.jpg";"https://supermercadomasbarato.com/producto/harina-americana-454-gr-pc-25/";"Harinas y Mezclas Listas";454;"gr";214
2025-05-17;"Harina De Quinua Libra Pt 25 @";5300;"Add to cart";"https://supermercadomasbarato.com/wp-content/uploads/2021/01/Harina-De-Quinua-Libra-Pt-25-@-300x300.jpg";"https://supermercadomasbarato.com/producto/harina-de-quinua-libra-pt-25/";"Harinas y Mezclas Listas";1;"lb";12
2025-05-17;"Harina De Trigo Haz De Oros 1000 Gr Pc 25 @";2800;"Add to cart";"https://supermercadomasbarato.com/wp-content/uploads/2021/01/haz-de-ooros-1-kilo-1-300x300.jpg";"https://supermercadomasbarato.com/producto/harina-de-trigo-haz-de-oros-1000-gr-pc-25/";"Harinas y Mezclas Listas";1000;"gr";30
2025-05-17;"Harina De Trigo Haz De Oros 2500 Gr Pc 10 @";6200;"Add to cart";"https://supermercadomasbarato.com/wp-content/uploads/2021/01/Harina-De-Trigo-723359_a-300x300.jpg";"https://supermercadomasbarato.com/producto/harina-de-trigo-haz-de-oros-2500-gr-pc-10/";"Harinas y Mezclas Listas";2500;"gr";10
2025-05-17;"Harina Doñarepa Maíz Amarillo 1000 Gr Pc 20";3400;"Add to cart";"https://supermercadomasbarato.com/wp-content/uploads/2021/01/7702020212021-1-300x300.jpg";"https://supermercadomasbarato.com/producto/harina-donarepa-maiz-amarillo-1000-gr-pc-20/";"Harinas y Mezclas Listas";1000;"gr";18
2025-05-17;"Harina Doñarepa Maiz Blanca 500 Gr Pc 24";2000;"Add to cart";"https://supermercadomasbarato.com/wp-content/uploads/2021/01/7702020211017_1-5-1-300x300.jpg";"https://supermercadomasbarato.com/producto/harina-donarepa-maiz-blanca-500-gr-pc-24/";"Harinas y Mezclas Listas";500;"gr";14
2025-05-17;"Harina Maiz Blanca La Soberana 1.000 Gr Pc 24";3200;"Add to cart";"https://supermercadomasbarato.com/wp-content/uploads/2021/01/2-aprepa-la-soberana-300x300.jpg";"https://supermercadomasbarato.com/producto/harina-maiz-blanca-la-soberana-1-000-gr-pc-24/";"Harinas y Mezclas Listas";1;"gr";25
2025-05-17;"Harina Pan Maiz Amarillo 1000 Gr Pc 20 P*";3700;"Add to cart";"https://supermercadomasbarato.com/wp-content/uploads/2021/01/7702084137537-1-300x300.jpg";"https://supermercadomasbarato.com/producto/harina-pan-maiz-amarillo-1000-gr-pc-20-p/";"Harinas y Mezclas Listas";1000;"gr";152
2025-05-17;"Harina Pan Maiz Amarillo 500 Gr Pc 24 *P";1900;"Add to cart";"https://supermercadomasbarato.com/wp-content/uploads/2021/01/harina-pan-amarilla-x-500g-1-300x300.jpg";"https://supermercadomasbarato.com/producto/harina-pan-maiz-amarillo-500-gr-pc-24-p/";"Harinas y Mezclas Listas";500;"gr";85
2025-05-17;"Harina Pan Maiz Blanco 1.000 Gr Pc 20";3700;"Add to cart";"https://supermercadomasbarato.com/wp-content/uploads/2021/01/Harina-Pan-Maiz-Blanca-X-1000-gr-200963_a-300x300.jpg";"https://supermercadomasbarato.com/producto/harina-pan-maiz-blanco-1-000-gr-pc-20/";"Harinas y Mezclas Listas";1;"gr";203
2025-05-17;"Harina Pan Maiz Blanco 500 Gr Pc 24";1900;"Add to cart";"https://supermercadomasbarato.com/wp-content/uploads/2021/01/1818335-800-auto-300x300.jpg";"https://supermercadomasbarato.com/producto/harina-pan-maiz-blanco-500-gr-pc-24/";"Harinas y Mezclas Listas";500;"gr";276
2025-05-17;"Harina Pan Mezcla Dulce 500 Gr Pc 24";2900;"Add to cart";"https://supermercadomasbarato.com/wp-content/uploads/2021/01/harina-pan-dulce-500-300x300.jpg";"https://supermercadomasbarato.com/producto/harina-pan-mezcla-dulce-500-gr-pc-24/";"Harinas y Mezclas Listas";500;"gr";28
2025-05-17;"Harina Trigo Haz De Oros Polvo Hornear 500 Gr Pc 25";1950;"Add to cart";"https://supermercadomasbarato.com/wp-content/uploads/2021/01/rzd_haz_de_oros_polvo_para_hornear_500gr-300x300.jpg";"https://supermercadomasbarato.com/producto/harina-trigo-haz-de-oros-polvo-hornear-500-gr-pc-25/";"Harinas y Mezclas Listas";500;"gr";20
2025-05-17;"Harina Trigo La Nevada 1 Kilo Bt 50";2000;"Add to cart";"https://supermercadomasbarato.com/wp-content/uploads/2021/01/Harina-Trigo-La-Nevada-1-Kilo-Bt-50-300x300.jpg";"https://supermercadomasbarato.com/producto/harina-trigo-la-nevada-1-kilo-bt-50/";"Harinas y Mezclas Listas";1;"kg";306
2025-05-17;"Harina Trigo La Nevada 2500 Gr Bt 20";4800;"Add to cart";"https://supermercadomasbarato.com/wp-content/uploads/2021/01/Harina-Trigo-La-Nevada-2500-Gr-Bt-20-2-300x300.jpg";"https://supermercadomasbarato.com/producto/harina-trigo-la-nevada-2500-gr-bt-20/";"Harinas y Mezclas Listas";2500;"gr";231
2025-05-17;"Harina Trigo La Nevada 500 Gr Pc 25";1000;"Add to cart";"https://supermercadomasbarato.com/wp-content/uploads/2021/01/Harina-Trigo-La-Nevada-500-Gr-Pc-25-300x300.jpg";"https://supermercadomasbarato.com/producto/harina-trigo-la-nevada-500-gr-pc-25/";"Harinas y Mezclas Listas";500;"gr";125
2025-05-17;"Harina Trigo Nariño 2500 Gr Bt 20";5000;"Add to cart";"https://supermercadomasbarato.com/wp-content/uploads/2021/01/Harina-Trigo-Narino-2500-Gr-Bt-20-300x300.jpg";"https://supermercadomasbarato.com/producto/harina-trigo-narino-2500-gr-bt-20/";"Harinas y Mezclas Listas";2500;"gr";271
2025-05-17;"Harina Trigo Nariño Kilo Bt 50";2000;"Add to cart";"https://supermercadomasbarato.com/wp-content/uploads/2021/01/Harina-Trigo-Narino-Kilo-Bt-50-300x300.jpg";"https://supermercadomasbarato.com/producto/harina-trigo-narino-kilo-bt-50/";"Harinas y Mezclas Listas";50;"kg";155
2025-05-17;"Harina Trigo Nariño Libra Pq 25";1000;"Add to cart";"https://supermercadomasbarato.com/wp-content/uploads/2021/01/Harina-Trigo-Narino-Libra-Pq-25-300x300.jpg";"https://supermercadomasbarato.com/producto/harina-trigo-narino-libra-pq-25/";"Harinas y Mezclas Listas";1;"lb";621
2025-05-17;"Promasa Maiz Amarillo 1.000 Gr Pc 20";3800;"Add to cart";"https://supermercadomasbarato.com/wp-content/uploads/2021/01/7702084137605-1-300x300.jpg";"https://supermercadomasbarato.com/producto/promasa-maiz-amarillo-1-000-gr-pc-20/";"Harinas y Mezclas Listas";1;"gr";212
2025-05-17;"Promasa Maiz Amarillo 500 Gr Pc 24";1900;"Add to cart";"https://supermercadomasbarato.com/wp-content/uploads/2021/01/7702084127309-1-300x300.jpg";"https://supermercadomasbarato.com/producto/promasa-maiz-amarillo-500-gr-pc-24/";"Harinas y Mezclas Listas";500;"gr";271
2025-05-17;"Promasa Maiz Blanca 500 Gr Pc 24";1800;"Add to cart";"https://supermercadomasbarato.com/wp-content/uploads/2021/01/Promasa-Maiz-Blanca-500-Gr-Pc-24-300x300.jpg";"https://supermercadomasbarato.com/producto/promasa-maiz-blanca-500-gr-pc-24/";"Harinas y Mezclas Listas";500;"gr";450
2025-05-17;"Promasa Maiz Blanco 1000 Gr Pc 20 @";3600;"Add to cart";"https://supermercadomasbarato.com/wp-content/uploads/2021/01/Promasa-Maiz-Blanco-1000-Gr-Pc-20-@-300x300.jpg";"https://supermercadomasbarato.com/producto/promasa-maiz-blanco-1000-gr-pc-20/";"Harinas y Mezclas Listas";1000;"gr";42
2025-05-17;"Superarepa 500 Gr Pc 24";1400;"Add to cart";"https://supermercadomasbarato.com/wp-content/uploads/2021/01/harina-premaiz-maiz-super-arepa-mantequilla-con-sal-x500g-1-300x300.jpg";"https://supermercadomasbarato.com/producto/superarepa-500-gr-pc-24/";"Harinas y Mezclas Listas";500;"gr";1217
2025-05-17;"Harina Areparepa Maiz Amarillo 500 Gr Pc 24";1600;"Read more";"https://supermercadomasbarato.com/wp-content/uploads/2021/01/Harina-Areparepa-Maiz-Amarillo-500-Gr-Pc-24-300x300.jpg";"https://supermercadomasbarato.com/producto/harina-areparepa-maiz-amarillo-500-gr-pc-24/";"Harinas y Mezclas Listas";500;"gr";0
2025-05-17;"Harina Areparepa Maiz Blanco 500 Gr  Pc 24";1700;"Read more";"https://supermercadomasbarato.com/wp-content/uploads/2021/01/2-7-300x300.jpg";"https://supermercadomasbarato.com/producto/harina-areparepa-maiz-blanco-500-gr-pc-24/";"Harinas y Mezclas Listas";500;"gr";0
2025-05-17;"Harina Doñarepa Maiz Blanco 1000 Gr Pc  20";3400;"Read more";"https://supermercadomasbarato.com/wp-content/uploads/2021/01/7702020212052-1-300x300.jpg";"https://supermercadomasbarato.com/producto/harina-donarepa-maiz-blanco-1000-gr-pc-20/";"Harinas y Mezclas Listas";1000;"gr";0
2025-05-17;"Harina Pan Mezcla Dulce 1.000 Gr Pc 20";5700;"Read more";"https://supermercadomasbarato.com/wp-content/uploads/2021/01/Pan-Mezcla-Maiz-Dulce-Amarillo-X-1000-gr-269357_a-300x300.jpg";"https://supermercadomasbarato.com/producto/harina-pan-mezcla-dulce-1-000-gr-pc-20/";"Harinas y Mezclas Listas";1;"gr";0
2025-05-17;"Harina Trigo Nariño 10 Kg Bt 5";19900;"Read more";"https://supermercadomasbarato.com/wp-content/uploads/2021/01/Harina-Trigo-Narino-10-Kg-Bt-5-300x300.jpg";"https://supermercadomasbarato.com/producto/harina-trigo-narino-10-kg-bt-5/";"Harinas y Mezclas Listas";10;"kg";0
